{"r2": 0.240673494762371, "mse": 0.4719293326562825}